{"cameraMode":{"drawMode":0,"name":"Shaded","section":"Shading Mode"},"sceneLighting":true,"audioPlay":true,"sceneViewState":{"showFog":true,"showMaterialUpdate":false,"showSkybox":true,"showFlares":true,"showImageEffects":true,"showParticleSystems":true},"in2DMode":false,"pivot":{"x":-0.9101758599281311,"y":0.9748412370681763,"z":-8.624072074890137},"rotation":{"x":-0.0028224096167832615,"y":-0.9923117756843567,"z":0.022634005174040796,"w":-0.12206263840198517},"size":10.0,"orthographic":false}